﻿<?xml version="1.0" encoding="utf-8" ?>
<sets>
  <set name="Crimson Blocks (Set)">
    <tile name="Crimstone" />
    <tile name="Crimsand" />
    <tile name="Red Ice" />
    <tile name="Flesh Grass" />
    <tile name="Flesh Weeds" />
    <tile name="Crimstone Vines" />
    <tile name="Crimson Sandstone" />
    <tile name="Crimson Hardened Sand" />
  </set>
  <set name="Corruption Blocks (Set)">
    <tile name="Ebonstone" />
    <tile name="Ebonsand" />
    <tile name="Purple Ice" />
    <tile name="Corrupted Grass" />
    <tile name="Corrupted Weeds" />
    <tile name="Corrupted Vines" />
    <tile name="Corrupt Sandstone" />
    <tile name="Corrupt Hardened Sand" />
  </set>
  <set name="Hallow Blocks (Set)">
    <tile name="Pearlstone" />
    <tile name="Pearlsand" />
    <tile name="Pink Ice" />
    <tile name="Hallowed Grass" />
    <tile name="Hallowed Weeds" />
    <tile name="Hallowed Vines" />
    <tile name="Hallow Sandstone" />
    <tile name="Hallow Hardened Sand" />
  </set>
  <set name="Chests (Set)">
    <tile num="21" />
    <tile num="467" />
    <tile num="468" />
  </set>
  <set name="Biome Chests (Set)">
    <tile name="Locked Jungle Chest" />
    <tile name="Jungle Chest" />
    <tile name="Locked Corruption Chest" />
    <tile name="Corruption Chest" />
    <tile name="Locked Crimson Chest" />
    <tile name="Crimson Chest" />
    <tile name="Locked Hallowed Chest" />
    <tile name="Hallowed Chest" />
    <tile name="Locked Frozen Chest" />
    <tile name="Frozen Chest" />
    <tile name="Locked Desert Chest" />
    <tile name="Desert Chest" />
  </set>
  <set name="Spider Caves (Set)">
    <wall name="Spider Cave Wall" />
    <tile name="Web Covered Chest" />
    <item name="Web Slinger" />
  </set>
  <set name="Enchanted Items (Set)">
    <item name="Enchanted Boomerang" />
    <item name="Enchanted Sword" />
    <tile name="Enchanted Sword" />
  </set>
</sets>